Nom,Prenom,Specialisation,Email,Telephone,Nombre Etudiants
Martin,Sarah,Informatique,sarah.martin@isimm.edu.tn,0123456789,8
Durand,Pierre,Genie Civil,pierre.durand@isimm.edu.tn,0123456790,6
Leclerc,Marie,Electronique,marie.leclerc@isimm.edu.tn,0123456791,10
Dupont,Jean,Informatique,jean.dupont@isimm.edu.tn,0123456792,7
Moreau,Thomas,Genie Civil,thomas.moreau@isimm.edu.tn,0123456793,5
Petit,Julie,Electronique,julie.petit@isimm.edu.tn,0123456794,9
Garcia,Antoine,Informatique,antoine.garcia@isimm.edu.tn,0123456795,6
Roux,Sophie,Genie Civil,sophie.roux@isimm.edu.tn,0123456796,8
